product;xml_id;unit;weight_kg;price;name;pcs
abrikosy;628;кг;;340;Абрикос;
arbuz;669;кг;;50;Арбуз;
avokado;16591;шт;0.11;145;Авокадо Хасс, шт;
banan;731;кг;;168;Бананы;
baranina;117273;кг;;2390;Корейка 4 ребра из ягненка Халяль охл., вес;
batat;47752;кг;;320;Батат Египет;
bioyogurt_koziy;97291;шт;0.1;92;Биойогурт из козьего молока "яблоко-карамель";
brauni;119077;шт;0.12;245;Брауни из зеленой гречки, 120 г (веган);
brusketa;38367;шт;0.14;274;Брускетта из вяленых томатов с кешью;
bulgur;32678;шт;0.5;125;Крупа пшеничная Мистраль Булгур 500 г;
buryy_ris;28795;шт;0.5;125;Рис бурый нешлифованный;
chipsy;60653;шт;0.05;250;Чипсы с гималайской солью, безглютеновые;
cvetnaya_kapusta;626;кг;;310;Капуста цветная;
dikiy_ris;29383;шт;0.4;227;Смесь риса бурого и дикого (пакетики);
dynya;665;кг;;150;Дыня Колхозница;
ezhiki_indeyki;30042;шт;0.45;352;Ежики из индейки;
farsh_govyazhiy;62798;шт;0.36;369;Фарш из говядины "Постный по стандарту ВВ", 360 г;
farsh_indeyki;37018;шт;0.5;443;Фарш из индейки, 500 г;
file_bedra_indeyki;1067;кг;;907;Филе бедра индейки;
file_grudki_indeyki;1066;кг;;924;Филе грудки индейки;
file_lososya;113809;кг;;4250;Семга филе охл., вес АО Вкусвилл;
finiki;22403;шт;0.2;449;Финики сорт "Меджул";
frikadelki_indeyki;1602;шт;0.5;545;Фрикадельки из индейки, зам.;
funchoza;27490;шт;0.2;208;Вермишель "Фунчоза";
golubika;20082;шт;0.125;220;Голубика, 125 г;
govyadina;68672;шт;0.4;441;Говядина для тушения, 400 г;
granatovyy_sok;1063;шт;1;480;Сок гранатовый прямого отжима, 1 л;
grebeshki;19426;шт;0.3;1400;Морской гребешок филе 100/130 зам., 300 г;
grechka;17699;шт;0.9;82;Крупа гречневая ядрица, 900 г;
grechnevye_spagetti;105157;шт;0.25;147;Лапша из гречневой и рисовой муки, без глютена;
hashbraun;60066;шт;0.4;325;Хашбраун с сыром и зеленью, зам.;
hek;113941;шт;0.6;687;Хек филе без кожи зам., 600 г;
hleb_borodinskiy;63310;шт;0.27;94;Изделие х/б "Бородинский" бездрожжевой нарезка, 270 г;
hleb_grechnevyy;101455;шт;0.25;255;Изделие из п/з "Гречневый" на пророщенной гречке;
hlebcy;98236;шт;0.1;102;Хлебцы из зеленой гречки с зеленью и семечками тыквы, 100 г;
humus;76892;шт;0.2;220;Хумус "Марокканский" с вялеными томатами;
inzhir;21004;шт;0.25;466;Инжир, 250 г;
kabachki;619;кг;;125;Кабачки;
kakao;24827;шт;0.1;188;Какао-порошок;
kapusta_kvashenaya;29812;шт;0.3;140;Капуста квашеная, 300 г;
kartofel;64336;кг;;65;Картофель молодой;
keshyu;49689;шт;0.15;348;Кешью сушеный;
kinoa;46106;шт;0.5;550;Крупа киноа Мистраль зерна 500 г;
kivi;16556;кг;;270;Киви;
kletchatka;31745;шт;0.18;627;Псиллиум (отруби подорожника);
kostnyy_bulon;110652;шт;1;358;Бульон костный говяжий порционный, замороженный, 1 кг;
kotleta_govyadiny;38362;шт;0.32;456;Котлета "Стейкбургер";
kotlety_indeyki;38076;шт;0.45;338;Котлеты из индейки "Диетические";
kotlety_krolika;12304;шт;0.3;506;Котлеты из кролика;
krevetki;67897;шт;0.5;635;Креветки белоногие "Королевские" в/м 50/60, 500 г;
kukuruza_mini;21394;шт;0.125;270;Кукуруза мини;
kukuruznyy_krahmal;38450;шт;0.2;70;Крахмал кукурузный;
kuraga;94293;шт;0.15;362;Курага горная (Киргизия), 150 г;
kurinoe_file;488;кг;;645;Филе грудки цыпленка-бройлера;
lapsha_grech_ris;105157;шт;0.25;147;Лапша из гречневой и рисовой муки, без глютена;
lepeshka_roti;125153;шт;0.18;195;Лепешка Роти сырная, 4 шт;4
limon;730;кг;;220;Лимоны;
listya_salata;18852;шт;0.08;90;Салат Листовой в горшочке;
losos;63583;шт;0.45;1530;Семга стейк охл., 450 г;
mango;23074;кг;;425;Манго Египет;
mannaya_krupa;40587;шт;0.7;126;Крупа манная Макфа из твердых сортов 700 г;
marmelad;110249;шт;0.045;95;Мармелад "Косички-сестрички" из яблок, веган;
masliny;88540;шт;0.28;220;Маслины без косточки, ж/б, 280 г;
mindalnoe_moloko;86771;шт;1;174;Напиток растительный "Moloko миндальное", 1л;
morkov;606;кг;;55;Морковь;
morkov_mini;14993;шт;0.25;125;Морковь-мини;
morkovnyy_keks;68131;шт;0.3;277;Кекс морковный с грецким орехом;
morskaya_kapusta;20321;шт;0.4;195;Салат из морской капусты без уксуса ст/б, 400 г;
ogurcy;609;кг;;198;Огурцы короткоплодные;
olivkovoe_maslo;1213;шт;0.5;1227;Масло оливковое Extra Virgin, Греция;
onigiri;96649;шт;0.1;210;Онигири с запеченным тунцом;
ovsyanye_hlopya;34756;шт;0.375;214;Хлопья овсяные из голозерного овса без глютена;
pechene_klenovoe;78898;шт;0.12;208;Печенье сдобное с кленовым сиропом, без глютена;
pechene_mariya;109038;шт;0.156;74;Печенье Любятово затяжное Мария 156 г;
pechene_ovsyanoe;82842;шт;0.085;190;Печенье "Овсяное с миндалем" без глютена, 85г;
pekinskaya_kapusta;14403;кг;;225;Капуста пекинская;
perepelinye_yayca;96131;шт;0.12;227;Яйцо перепелиное пищевое фермерское 20шт;20
persik;654;кг;;298;Персик;
persik_ili_nektarin;655;кг;;290;Нектарин;
pomidory_cherri;21629;шт;0.25;165;Томаты черри красные, 250 г;
razryhlitel;49982;шт;0.01;50;Разрыхлитель теста Dr. Bakers 10 г;
riet_tunca;89582;шт;0.115;154;Риет из тунца сливочный, 115 г;
ris_kruglyy;54096;шт;0.8;179;Рис Увелка круглозерный шлифованный 800 г;
risovaya_muka;83790;шт;0.5;125;Мука рисовая, 500 г;
risovye_chipsy;50812;шт;0.02;176;Чипсы рисовые с морской капустой классические, 20 г;
rukkola;29850;шт;0.125;198;Салат Рукола, 125 г;
semga_slabosol;65549;шт;0.1;467;Семга слабосоленая ломтики, 100 г;
shipovnik;910;шт;0.2;248;Шиповник сушеный;
shpinat;29851;шт;0.125;198;Салат Шпинат, 125 г;
smes_risa;29383;шт;0.4;227;Смесь риса бурого и дикого (пакетики);
spagetti_chechevica;38638;шт;0.25;202;Макаронные изделия из красной чечевицы без глютена: спагетти;
steyk_ribay;20751;шт;0.25;820;Стейк Рибай из говядины;
svekla;20832;кг;;62;Свекла молодая;
syr_adygeyskiy;43314;шт;0.15;305;Сыр козий "Адыгейский", 150 г;
syr_koziy;25168;шт;0.14;372;Сыр творожный "Козий", 140 г;
tartin;32931;шт;0.3;84;Тартин пшенично-ржаной, половинка;
telyachi_schechki;47835;шт;0.3;637;Щечка телячья томленая;
tofu;110197;шт;0.25;172;Тофу "Классический", 250 г;
tomaty_rozovye;15378;кг;;240;Томаты розовые;
tost;96561;шт;0.3;251;Изделие х/б без глютена с семенами, нарезка;
tunec_konserv;123833;шт;0.1;160;Тунец (полосатый) Вкусные консервы кусочки нат. пауч, 100 г;
tykva;1212;кг;;135;Тыква;
vanilnyy_sahar;50303;шт;0.008;41;Сахар Dr. Bakers Ванильный 8 г;
vermishel_bezglyut;23223;шт;0.3;192;Макароны "Вермишель" из кукурузной муки;
vetchina_indeyki;90069;шт;0.15;310;Ветчина из мяса индейки без глютена;
yabloko;15846;кг;;198;Яблоко Гала;
yagody;18641;шт;0.125;335;Малина, 125 г;
yazyk_govyazhiy;21384;шт;0.1;484;Язык говяжий "Традиционный", нарезка;
